Description,Price,Rating,ReviewCount,Url,Image src,Website_Name
Tomato Hybrid Red 1 kg,₹48,4.5,(683),http://www.flipkart.com/tomato-hybrid-red-1-kg/p/itm5e8ec3d5ee189?pid=VEGG5Y3GUXRQB3ZP&lid=LSTVEGG5Y3GUXRQB3ZPKOSE2A&marketplace=GROCERY&q=tomato&store=eat%2Flmt%2Fzhh&srno=s_1_1&otracker=search&otracker1=search&iid=39786787-f8a6-4c2e-9c60-b16b0fb13efe.VEGG5Y3GUXRQB3ZP.SEARCH&ssid=gtitvlm8dc0000001656099729797&qH=006f87892f47ef9a,https://rukminim1.flixcart.com/image/612/612/kr58yvk0/vegetable/m/y/q/1-tomato-hybrid-red-un-branded-no-whole-original-imag5y68hauja4q3.jpeg?q=70,Flipkart
Tomato Hybrid 500 g,₹32,4.3,"(3,439)",http://www.flipkart.com/tomato-hybrid-500-g/p/itm69fec2a1d0629?pid=VEGG86G6UHBZBBY4&lid=LSTVEGG86G6UHBZBBY4HAAQBL&marketplace=GROCERY&q=tomato&store=eat%2Flmt%2Fzhh&srno=s_1_2&otracker=search&otracker1=search&iid=39786787-f8a6-4c2e-9c60-b16b0fb13efe.VEGG86G6UHBZBBY4.SEARCH&ssid=gtitvlm8dc0000001656099729797&qH=006f87892f47ef9a,https://rukminim1.flixcart.com/image/612/612/kv8fbm80/vegetable/x/o/n/tomato-hybrid-unbranded-no-whole-original-imag86gftewjmc5x.jpeg?q=70,Flipkart
Tomato Local Red 500 g,₹18,4.5,(959),http://www.flipkart.com/tomato-local-red-500-g/p/itmb2efbab07dd86?pid=VEGGE5XZBQVVVYHG&lid=LSTVEGGE5XZBQVVVYHGDN13GK&marketplace=GROCERY&q=tomato&store=eat%2Flmt%2Fzhh&srno=s_1_3&otracker=search&otracker1=search&iid=39786787-f8a6-4c2e-9c60-b16b0fb13efe.VEGGE5XZBQVVVYHG.SEARCH&ssid=gtitvlm8dc0000001656099729797&qH=006f87892f47ef9a,https://rukminim1.flixcart.com/image/612/612/kr58yvk0/vegetable/b/k/n/1-tomato-local-red-un-branded-no-whole-original-imag5y68d3uxjyza.jpeg?q=70,Flipkart
Tomato Local Red 1 kg,₹35,4.5,(959),http://www.flipkart.com/tomato-local-red-1-kg/p/itm7e66e12ea6a2d?pid=VEGG5Y3GHRZTAXRQ&lid=LSTVEGG5Y3GHRZTAXRQBA1HF2&marketplace=GROCERY&q=tomato&store=eat%2Flmt%2Fzhh&srno=s_1_4&otracker=search&otracker1=search&iid=39786787-f8a6-4c2e-9c60-b16b0fb13efe.VEGG5Y3GHRZTAXRQ.SEARCH&ssid=gtitvlm8dc0000001656099729797&qH=006f87892f47ef9a,https://rukminim1.flixcart.com/image/612/612/kr58yvk0/vegetable/b/k/n/1-tomato-local-red-un-branded-no-whole-original-imag5y68d3uxjyza.jpeg?q=70,Flipkart
Cherry Tomato Red 200 g,₹65,4.7,(15),http://www.flipkart.com/cherry-tomato-red-200-g/p/itma330888e922a4?pid=VEGG5KYTQGGEZQHZ&lid=LSTVEGG5KYTQGGEZQHZMSD9XB&marketplace=GROCERY&q=tomato&store=eat%2Flmt%2Fzhh&srno=s_1_5&otracker=search&otracker1=search&iid=39786787-f8a6-4c2e-9c60-b16b0fb13efe.VEGG5KYTQGGEZQHZ.SEARCH&ssid=gtitvlm8dc0000001656099729797&qH=006f87892f47ef9a,https://rukminim1.flixcart.com/image/612/612/krwec280/vegetable/r/m/x/200-cherry-tomato-red-unbranded-no-whole-original-imag5h8gvzwmsffy.jpeg?q=70,Flipkart
Tomato Hybrid 1 kg,₹64,4.3,"(3,439)",http://www.flipkart.com/tomato-hybrid-1-kg/p/itm886f008716374?pid=VEGF7FJ5RXGUUGFA&lid=LSTVEGF7FJ5RXGUUGFAEUDZMT&marketplace=GROCERY&q=tomato&store=eat%2Flmt%2Fzhh&srno=s_1_6&otracker=search&otracker1=search&iid=39786787-f8a6-4c2e-9c60-b16b0fb13efe.VEGF7FJ5RXGUUGFA.SEARCH&ssid=gtitvlm8dc0000001656099729797&qH=006f87892f47ef9a,https://rukminim1.flixcart.com/image/612/612/kerfl3k0/vegetable/g/f/a/1-tomato-hybrid-un-branded-no-whole-original-imafvdehrkffhnzt.jpeg?q=70,Flipkart
Tomato Hybrid Red 500 g,₹24,4.5,(683),http://www.flipkart.com/tomato-hybrid-red-500-g/p/itm26cb29a4a7c7d?pid=VEGGE5XZ6YVPFZ9V&lid=LSTVEGGE5XZ6YVPFZ9VXSSWBQ&marketplace=GROCERY&q=tomato&store=eat%2Flmt%2Fzhh&srno=s_1_7&otracker=search&otracker1=search&iid=39786787-f8a6-4c2e-9c60-b16b0fb13efe.VEGGE5XZ6YVPFZ9V.SEARCH&ssid=gtitvlm8dc0000001656099729797&qH=006f87892f47ef9a,https://rukminim1.flixcart.com/image/612/612/kr58yvk0/vegetable/m/y/q/1-tomato-hybrid-red-un-branded-no-whole-original-imag5y68hauja4q3.jpeg?q=70,Flipkart
Sweet Tamarind 250 g,₹92,N/A,0,http://www.flipkart.com/sweet-tamarind-250-g/p/itm4a5cd49c637c7?pid=FRTF82HECT2NWF6N&lid=LSTFRTF82HECT2NWF6NJGZLFK&marketplace=FLIPKART&q=tomato&store=eat%2Flmt%2Fzhh&srno=s_1_8&otracker=search&otracker1=search&iid=39786787-f8a6-4c2e-9c60-b16b0fb13efe.FRTF82HECT2NWF6N.SEARCH&ssid=gtitvlm8dc0000001656099729797&qH=006f87892f47ef9a,https://rukminim1.flixcart.com/image/612/612/kkh6zrk0/nut-dry-fruit/k/a/e/250-dried-sweet-tamarind-meethi-imli-250gms-thailand-tamarind-original-imafen4vn6ntytmy.jpeg?q=70,Flipkart
Tomato Local 500 g,₹35,N/A,0,http://www.flipkart.com/tomato-local-500-g/p/itmc0eac649b1c47?pid=VEGG86G6WHXUHSGU&lid=LSTVEGG86G6WHXUHSGUAAZYTM&marketplace=FLIPKART&q=tomato&store=eat%2Flmt%2Fzhh&srno=s_1_9&otracker=search&otracker1=search&iid=39786787-f8a6-4c2e-9c60-b16b0fb13efe.VEGG86G6WHXUHSGU.SEARCH&ssid=gtitvlm8dc0000001656099729797&qH=006f87892f47ef9a,https://rukminim1.flixcart.com/image/612/612/kr58yvk0/vegetable/b/k/n/1-tomato-local-red-un-branded-no-whole-original-imag5y68d3uxjyza.jpeg?q=70,Flipkart
Tomato 2 kg,₹200,N/A,0,http://www.flipkart.com/tomato-2-kg/p/itmd94ca742d6297?pid=VEGG68HZAYEHHYYZ&lid=LSTVEGG68HZAYEHHYYZE3XVO1&marketplace=FLIPKART&q=tomato&store=eat%2Flmt%2Fzhh&srno=s_1_10&otracker=search&otracker1=search&iid=39786787-f8a6-4c2e-9c60-b16b0fb13efe.VEGG68HZAYEHHYYZ.SEARCH&ssid=gtitvlm8dc0000001656099729797&qH=006f87892f47ef9a,https://rukminim1.flixcart.com/image/612/612/kgv5x8w0/plant-seed/e/z/y/30-t-41-paudha-original-imafwzjt4fnfggzu.jpeg?q=70,Flipkart
Tomato Desi Local 1 kg,₹33,N/A,0,http://www.flipkart.com/tomato-desi-local-1-kg/p/itmb33eb94692dc3?pid=VEGF7FJ5GHASHZJT&lid=LSTVEGF7FJ5GHASHZJTUJXPEE&marketplace=GROCERY&q=tomato&store=eat%2Flmt%2Fzhh&srno=s_1_11&otracker=search&otracker1=search&iid=39786787-f8a6-4c2e-9c60-b16b0fb13efe.VEGF7FJ5GHASHZJT.SEARCH&ssid=gtitvlm8dc0000001656099729797&qH=006f87892f47ef9a,https://rukminim1.flixcart.com/image/612/612/ked56kw0/vegetable/z/j/t/1-tomato-local-un-branded-no-whole-original-imafv2fthb6wgv4p.jpeg?q=70,Flipkart
Cherry Tomato Yellow 200 g,₹451,N/A,0,http://www.flipkart.com/cherry-tomato-yellow-200-g/p/itmd526c8c5d7322?pid=VEGG5KYEABWJCHYT&lid=LSTVEGG5KYEABWJCHYTYQJ6IU&marketplace=GROCERY&q=tomato&store=eat%2Flmt%2Fzhh&srno=s_1_12&otracker=search&otracker1=search&iid=39786787-f8a6-4c2e-9c60-b16b0fb13efe.VEGG5KYEABWJCHYT.SEARCH&ssid=gtitvlm8dc0000001656099729797&qH=006f87892f47ef9a,https://rukminim1.flixcart.com/image/612/612/krxtrww0/vegetable/s/o/n/200-cherry-tomato-yellow-unbranded-no-whole-original-imag5mbshpazpnsv.jpeg?q=70,Flipkart
Tomato Cherry 200 g,₹18,N/A,0,http://www.flipkart.com/tomato-cherry-200-g/p/itm52c346c1e057f?pid=VEGG68HTPKFDF8Y7&lid=LSTVEGG68HTPKFDF8Y7MUSJVQ&marketplace=GROCERY&q=tomato&store=eat%2Flmt%2Fzhh&srno=s_1_13&otracker=search&otracker1=search&iid=39786787-f8a6-4c2e-9c60-b16b0fb13efe.VEGG68HTPKFDF8Y7.SEARCH&ssid=gtitvlm8dc0000001656099729797&qH=006f87892f47ef9a,https://rukminim1.flixcart.com/image/612/612/kt1u3rk0/vegetable/x/t/i/200-tomato-cherry-unbranded-no-whole-original-imag6h7msp6nqug2.jpeg?q=70,Flipkart
Cherry Tomato Mixed Color 200 g,₹68,N/A,0,http://www.flipkart.com/cherry-tomato-mixed-color-200-g/p/itm6b2773e392229?pid=VEGG5KYTVZ2Q4925&lid=LSTVEGG5KYTVZ2Q4925YTCCFE&marketplace=GROCERY&q=tomato&store=eat%2Flmt%2Fzhh&srno=s_1_14&otracker=search&otracker1=search&iid=39786787-f8a6-4c2e-9c60-b16b0fb13efe.VEGG5KYTVZ2Q4925.SEARCH&ssid=gtitvlm8dc0000001656099729797&qH=006f87892f47ef9a,https://rukminim1.flixcart.com/image/612/612/ks3jjbk0/vegetable/h/w/g/200-cherry-tomato-mixed-color-unbranded-no-whole-original-imag5qnzrnpg4fad.jpeg?q=70,Flipkart
